Workbook

Sheet Composiciones
A1: Tabla ordenada de composiciones molares – Planta de Anilina
A4: No. | B4: Stream Name | C4: Clasificación | D4: Hydrogen | E4: NitroBZ | F4: H2O | G4: Aniline | H4: Suma | I4: Componente dominante | J4: Desviación vs 1
A5: 1 | B5: NB Fresh | C5: Nitrobenceno / orgánica | D5: 0 | E5: 1 | F5: 0 | G5: 0 | H5: =SUM(D5:G5) -> 1 | I5: NitroBZ | J5: =ABS(H5-1) -> 0
A6: 2 | B6: H2-FRESH | C6: Gas / hidrógeno | D6: 1 | E6: 0 | F6: 0 | G6: 0 | H6: =SUM(D6:G6) -> 1 | I6: Hydrogen | J6: =ABS(H6-1) -> 0
A7: 3 | B7: NB-310 | C7: Nitrobenceno / orgánica | D7: 2.0477e-32 | E7: 0.99999996 | F7: 2.0477e-32 | G7: 3.84862e-08 | H7: =SUM(D7:G7) -> 1 | I7: NitroBZ | J7: =ABS(H7-1) -> 4.8619997e-10
A8: 4 | B8: H2-310 | C8: Gas / hidrógeno | D8: 0.99213829 | E8: 1.16058e-05 | F8: 0.00763729 | G8: 0.00021282 | H8: =SUM(D8:G8) -> 1 | I8: Hydrogen | J8: =ABS(H8-1) -> 8.0000007e-10
A9: 5 | B9: MIX-GAS | C9: Gas / hidrógeno | D9: 0.82721529 | E9: 0.16623952 | F9: 0.006367744 | G9: 0.000177449 | H9: =SUM(D9:G9) -> 1 | I9: Hydrogen | J9: =ABS(H9-1) -> 9.9999997e-10
A10: 6 | B10: GAS-5BAR | C10: Gas / hidrógeno | D10: 0.82721529 | E10: 0.16623952 | F10: 0.006367744 | G10: 0.000177449 | H10: =SUM(D10:G10) -> 1 | I10: Hydrogen | J10: =ABS(H10-1) -> 9.9999997e-10
A11: 7 | B11: GAS-340 | C11: Gas / hidrógeno | D11: 0.82721529 | E11: 0.16623952 | F11: 0.006367744 | G11: 0.000177449 | H11: =SUM(D11:G11) -> 1 | I11: Hydrogen | J11: =ABS(H11-1) -> 9.9999997e-10
A12: 8 | B12: RX-OUT | C12: Proceso | D12: 0.41461363 | E12: 0.007912305 | F12: 0.38736759 | G12: 0.19010647 | H12: =SUM(D12:G12) -> 1 | I12: Hydrogen | J12: =ABS(H12-1) -> 1.0000001e-09
A13: 9 | B13: GAS-250 | C13: Gas / hidrógeno | D13: 0.41461363 | E13: 0.007912305 | F13: 0.38736759 | G13: 0.19010647 | H13: =SUM(D13:G13) -> 1 | I13: Hydrogen | J13: =ABS(H13-1) -> 1.0000001e-09
A14: 10 | B14: GAS-30 | C14: Gas / hidrógeno | D14: 0.41461363 | E14: 0.007912305 | F14: 0.38736759 | G14: 0.19010647 | H14: =SUM(D14:G14) -> 1 | I14: Hydrogen | J14: =ABS(H14-1) -> 1.0000001e-09
A15: 11 | B15: H2-SPLIT | C15: Gas / hidrógeno | D15: 0.97854984 | E15: 3.16655e-05 | F15: 0.020837827 | G15: 0.000580665 | H15: =SUM(D15:G15) -> 1 | I15: Hydrogen | J15: =ABS(H15-1) -> 5.0000004e-10
A16: 12 | B16: LIQ-SPLIT | C16: Fase orgánica / líquida | D16: 6.88454e-05 | E16: 0.013705297 | F16: 0.65680056 | G16: 0.3294253 | H16: =SUM(D16:G16) -> 1 | I16: H2O | J16: =ABS(H16-1) -> 6.0000005e-10
... A38: 34 | B38: NBZ 1ATM | C38: Nitrobenceno / orgánica | D38: 1.3079e-143 | E38: 0.99999812 | F38: 9.9969e-31 | G38: 1.87886e-06 | H38: =SUM(D38:G38) -> 1 | I38: NitroBZ | J38: =ABS(H38-1) -> 1.4000001e-10

Sheet Tabla original
A1: Datos originales organizados en formato de simulador, sin corrientes NADA
B4: Unit | C4: NB Fresh | D4: H2-FRESH | E4: NB-310 | F4: H2-310 | G4: MIX-GAS | H4: GAS-5BAR | I4: GAS-340 | J4: RX-OUT | K4: GAS-250 | L4: GAS-30 | M4: H2-SPLIT | N4: LIQ-SPLIT | O4: ORG-110 | P4: AN-NB FONDO | Q4: H2O-NB | R4: AN-NB-110 | S4: H2-ANTORCHA | T4: ORGANICA | U4: H2O-FONDO_1 | V4: ANILINA-NB-SEP | W4: H2O-FONDO_2 | X4: H2-1ATM | Y4: H2 TOTAL | Z4: REC-H2 | AA4: PURGA-ANTORCHA | AB4: REC | AC4: AN-NB MIXED | AD4: NB-HOT | AE4: H2-HOT | AF4: NBZ-REC | AG4: NB-MIX | AH4: ANILINA | AI4: NBZ | AJ4: NBZ 1ATM
A5: Comp Mole Frac (Hydrogen) | C5: 0 | D5: 1 | E5: 2.0477e-32 | F5: 0.99213829 | G5: 0.82721529 | H5: 0.82721529 | I5: 0.82721529 | J5: 0.41461363 | K5: 0.41461363 | L5: 0.41461363 | M5: 0.97854984 | N5: 6.88454e-05 | O5: 0.000118374 | P5: 1.16818e-29 | Q5: 1.40184e-06 | R5: 1.16818e-29 | S5: 0.094481306 | T5: 0.000118374 | U5: 2.78811e-05 | V5: 1.4484e-05 | W5: 1.07988e-06 | X5: 0.97854984 | Y5: 0.99213829 | Z5: 0.97854984 | AA5: 0.97854984 | AB5: 0.97854984 | AC5: 1.19021e-07 | AD5: 2.0477e-32 | AE5: 0.99213829 | AF5: 1.0004e-30 | AG5: 2.0477e-32 | AH5: 1.21358e-07 | AI5: 1.3079e-143 | AJ5: 1.3079e-143
A6: Comp Mole Frac (NitroBZ) | C6: 1 | D6: 0 | E6: 0.99999996 | F6: 1.16058e-05 | G6: 0.16623952 | H6: 0.16623952 | I6: 0.16623952 | J6: 0.007912305 | K6: 0.007912305 | L6: 0.007912305 | M6: 3.16655e-05 | N6: 0.013705297 | O6: 0.030214428 | P6: 0.039072547 | Q6: 0.00449054 | R6: 0.039072547 | S6: 0.039242571 | T6: 0.030214428 | U6: 5.08408e-05 | V6: 0.17555968 | W6: 0.000280367 | X6: 3.16655e-05 | Y6: 1.16058e-05 | Z6: 3.16656e-05 | AA6: 3.16656e-05 | AB6: 3.16656e-05 | AC6: 0.040194117 | AD6: 0.99999996 | AE6: 1.16058e-05 | AF6: 0.99999812 | AG6: 0.99999996 | AH6: 0.019858978 | AI6: 0.99999812 | AJ6: 0.99999812
A7: Comp Mole Frac (H2O) | C7: 0 | D7: 0 | E7: 2.0477e-32 | F7: 0.00763729 | G7: 0.006367744 | H7: 0.006367744 | I7: 0.006367744 | J7: 0.38736759 | K7: 0.38736759 | L7: 0.38736759 | M7: 0.020837827 | N7: 0.65680056 | O7: 0.24925803 | P7: 0.001982786 | Q7: 0.96334686 | R7: 0.001982786 | S7: 0.8166995 | T7: 0.24925803 | U7: 0.99387293 | V7: 0.13415302 | W7: 0.98375411 | X7: 0.020837827 | Y7: 0.00763729 | Z7: 0.020837827 | AA7: 0.020837827 | AB7: 0.020837827 | AC7: 0.003068882 | AD7: 2.0477e-32 | AE7: 0.00763729 | AF7: 1.0004e-30 | AG7: 2.0477e-32 | AH7: 0.0031339 | AI7: 9.9969e-31 | AJ7: 9.9969e-31
A8: Comp Mole Frac (Aniline) | C8: 0 | D8: 0 | E8: 3.84862e-08 | F8: 0.00021282 | G8: 0.000177449 | H8: 0.000177449 | I8: 0.000177449 | J8: 0.19010647 | K8: 0.19010647 | L8: 0.19010647 | M8: 0.000580665 | N8: 0.3294253 | O8: 0.72040917 | P8: 0.95894467 | Q8: 0.032161194 | R8: 0.95894467 | S8: 0.049576621 | T8: 0.72040917 | U8: 0.006048349 | V8: 0.69027282 | W8: 0.015964445 | X8: 0.000580665 | Y8: 0.00021282 | Z8: 0.000580665 | AA8: 0.000580665 | AB8: 0.000580665 | AC8: 0.95673688 | AD8: 3.84862e-08 | AE8: 0.00021282 | AF8: 1.88024e-06 | AG8: 3.84862e-08 | AH8: 0.977007 | AI8: 1.87886e-06 | AJ8: 1.87886e-06

Sheet Resumen
A1: Resumen de composiciones molares, sin corrientes NADA
A4: Componente | B4: Corriente con mayor fracción | C4: Fracción molar máxima | E4: Componente dominante | F4: Cantidad de corrientes | G4: Porcentaje
A5: Hydrogen | B5: =INDEX(Composiciones!$B$5:$B$38,MATCH(C5,Composiciones!D$5:D$38,0)) -> H2-FRESH | C5: =MAX(Composiciones!D5:D38) -> 1 | E5: Hydrogen | F5: =COUNTIF(Composiciones!$I$5:$I$38,E5) -> 15 | G5: =F5/COUNTA(Composiciones!$B$5:$B$38) -> 0.44117647
A6: NitroBZ | B6: =INDEX(Composiciones!$B$5:$B$38,MATCH(C6,Composiciones!E$5:E$38,0)) -> NB Fresh | C6: =MAX(Composiciones!E5:E38) -> 1 | E6: NitroBZ | F6: =COUNTIF(Composiciones!$I$5:$I$38,E6) -> 7 | G6: =F6/COUNTA(Composiciones!$B$5:$B$38) -> 0.20588235
A7: H2O | B7: =INDEX(Composiciones!$B$5:$B$38,MATCH(C7,Composiciones!F$5:F$38,0)) -> H2O-FONDO_1 | C7: =MAX(Composiciones!F5:F38) -> 0.99387293 | E7: H2O | F7: =COUNTIF(Composiciones!$I$5:$I$38,E7) -> 5 | G7: =F7/COUNTA(Composiciones!$B$5:$B$38) -> 0.14705882
A8: Aniline | B8: =INDEX(Composiciones!$B$5:$B$38,MATCH(C8,Composiciones!G$5:G$38,0)) -> ANILINA | C8: =MAX(Composiciones!G5:G38) -> 0.977007 | E8: Aniline | F8: =COUNTIF(Composiciones!$I$5:$I$38,E8) -> 7 | G8: =F8/COUNTA(Composiciones!$B$5:$B$38) -> 0.20588235
A11: Nota
A12: Se eliminaron las corrientes NADA, NADA-2 y NADA_1.
A13: Los datos se organizaron por corriente en filas y por componente en columnas.
A14: La columna Suma verifica que las fracciones molares de Hydrogen, NitroBZ, H2O y Aniline sumen aproximadamente 1.
A15: La columna Componente dominante indica el componente con mayor fracción molar en cada corriente.
