Workbook

Sheet Corrientes de Energía
A1: Tabla ordenada de corrientes de energía – Planta de Anilina
A4: No. | B4: Stream Name | C4: Clasificación | D4: Unit | E4: Heat Flow [kJ/h] | F4: Heat Flow [kW] | G4: Tipo de carga | H4: Interpretación
A5: 1 | B5: Q-E100 | C5: Intercambiador de calor | D5: kJ/h | E5: 1397964.4 | F5: =E5/3600 -> 388.32345 | G5: Aporte / consumo | H5: Calor suministrado o carga térmica positiva según convención de signo.
A6: 2 | B6: Q-H100 | C6: Calentador | D6: kJ/h | E6: 520358.03 | F6: =E6/3600 -> 144.5439 | G6: Aporte / consumo | H6: Calor suministrado o carga térmica positiva según convención de signo.
A7: 3 | B7: W-CO100 | C7: Trabajo mecánico | D7: kJ/h | E7: 2949102.8 | F7: =E7/3600 -> 819.19523 | G7: Aporte / consumo | H7: Trabajo mecánico consumido por equipo.
A8: 4 | B8: Q-E103 | C8: Intercambiador de calor | D8: kJ/h | E8: 8250678 | F8: =E8/3600 -> 2291.855 | G8: Aporte / consumo | H8: Calor suministrado o carga térmica positiva según convención de signo.
A9: 5 | B9: Q-E104 | C9: Intercambiador de calor | D9: kJ/h | E9: 1001039.1 | F9: =E9/3600 -> 278.06641 | G9: Aporte / consumo | H9: Calor suministrado o carga térmica positiva según convención de signo.
A10: 6 | B10: C-T101 | C10: Condensador / servicio de enfriamiento | D10: kJ/h | E10: 1774879.2 | F10: =E10/3600 -> 493.02199 | G10: Aporte / consumo | H10: Calor suministrado o carga térmica positiva según convención de signo.
A11: 7 | B11: R-T101 | C11: Reboiler / servicio de calentamiento | D11: kJ/h | E11: 2025991.2 | F11: =E11/3600 -> 562.77534 | G11: Aporte / consumo | H11: Calor suministrado o carga térmica positiva según convención de signo.
A12: 8 | B12: Q-E105 | C12: Intercambiador de calor | D12: kJ/h | E12: 580477.91 | F12: =E12/3600 -> 161.24386 | G12: Aporte / consumo | H12: Calor suministrado o carga térmica positiva según convención de signo.
A13: 9 | B13: Q-R100 | C13: Reactor / control térmico | D13: kJ/h | E13: -19210496 | F13: =E13/3600 -> -5336.2488 | G13: Retiro de calor | H13: Calor retirado del sistema según convención de signo.
A14: 10 | B14: C-T103 | C14: Condensador / servicio de enfriamiento | D14: kJ/h | E14: 9835550.5 | F14: =E14/3600 -> 2732.0974 | G14: Aporte / consumo | H14: Calor suministrado o carga térmica positiva según convención de signo.
A15: 11 | B15: D-T103 | C15: Destilación / servicio térmico | D15: kJ/h | E15: 9678768.9 | F15: =E15/3600 -> 2688.5469 | G15: Aporte / consumo | H15: Calor suministrado o carga térmica positiva según convención de signo.
A16: 12 | B16: E-BOMBA | C16: Trabajo de bomba | D16: kJ/h | E16: 12.343223 | F16: =E16/3600 -> 0.003428673 | G16: Aporte / consumo | H16: Trabajo mecánico consumido por equipo.

Sheet Resumen
A1: Resumen de corrientes de energía
A4: Indicador | B4: Valor | D4: Stream Name | E4: Heat Flow [kJ/h] | F4: Heat Flow [kW]
A5: Total de corrientes | B5: =COUNTA('Corrientes de Energía'!B5:B16) -> 12 | D5: ='Corrientes de Energía'!B5 -> Q-E100 | E5: ='Corrientes de Energía'!E5 -> 1397964.4 | F5: ='Corrientes de Energía'!F5 -> 388.32345
A6: Cargas positivas [kJ/h] | B6: =SUMIF('Corrientes de Energía'!E5:E16,">0",'Corrientes de Energía'!E5:E16) -> 38014822 | D6: ='Corrientes de Energía'!B6 -> Q-H100 | E6: ='Corrientes de Energía'!E6 -> 520358.03 | F6: ='Corrientes de Energía'!F6 -> 144.5439
A7: Cargas negativas [kJ/h] | B7: =SUMIF('Corrientes de Energía'!E5:E16,"<0",'Corrientes de Energía'!E5:E16) -> -19210496 | D7: ='Corrientes de Energía'!B7 -> W-CO100 | E7: ='Corrientes de Energía'!E7 -> 2949102.8 | F7: ='Corrientes de Energía'!F7 -> 819.19523
A8: Balance neto [kJ/h] | B8: =SUM('Corrientes de Energía'!E5:E16) -> 18804327 | D8: ='Corrientes de Energía'!B8 -> Q-E103 | E8: ='Corrientes de Energía'!E8 -> 8250678 | F8: ='Corrientes de Energía'!F8 -> 2291.855
A9: Carga positiva total [kW] | B9: =B6/3600 -> 10559.673 | D9: ='Corrientes de Energía'!B9 -> Q-E104 | E9: ='Corrientes de Energía'!E9 -> 1001039.1 | F9: ='Corrientes de Energía'!F9 -> 278.06641
A10: Carga negativa total [kW] | B10: =B7/3600 -> -5336.2488 | D10: ='Corrientes de Energía'!B10 -> C-T101 | E10: ='Corrientes de Energía'!E10 -> 1774879.2 | F10: ='Corrientes de Energía'!F10 -> 493.02199
D11: ='Corrientes de Energía'!B11 -> R-T101 | E11: ='Corrientes de Energía'!E11 -> 2025991.2 | F11: ='Corrientes de Energía'!F11 -> 562.77534
D12: ='Corrientes de Energía'!B12 -> Q-E105 | E12: ='Corrientes de Energía'!E12 -> 580477.91 | F12: ='Corrientes de Energía'!F12 -> 161.24386
A13: Nota
A14: Se conservaron los signos originales del Heat Flow. Los valores positivos se interpretan como carga térmica positiva o consumo de trabajo; el valor negativo indica retiro de calor según la convención del simulador.
A15: La conversión a kW se calculó con la relación: kW = kJ/h ÷ 3600.
A16: La clasificación se agregó para ordenar visualmente las corrientes de energía por tipo de equipo o servicio.
